feature,coefficient,absolute_coefficient,interpretation
categorical__authentication_type_NTLM,5.2616505099899795,5.2616505099899795,Exploratory coefficient from the biased random-split diagnostic; not a validated or causal importance.
categorical__authentication_type_Kerberos,-3.985811023109546,3.985811023109546,Exploratory coefficient from the biased random-split diagnostic; not a validated or causal importance.
numeric__same_computer,-3.1754746079855956,3.1754746079855956,Exploratory coefficient from the biased random-split diagnostic; not a validated or causal importance.
categorical__success_Fail,-1.1798593253062524,1.1798593253062524,Exploratory coefficient from the biased random-split diagnostic; not a validated or causal importance.
categorical__logon_type_?,-1.1573386077978933,1.1573386077978933,Exploratory coefficient from the biased random-split diagnostic; not a validated or causal importance.
categorical__logon_type_Network,1.119694495167168,1.119694495167168,Exploratory coefficient from the biased random-split diagnostic; not a validated or causal importance.
categorical__orientation_TGS,-1.0218792489705977,1.0218792489705977,Exploratory coefficient from the biased random-split diagnostic; not a validated or causal importance.
categorical__success_Success,0.9461005134940366,0.9461005134940366,Exploratory coefficient from the biased random-split diagnostic; not a validated or causal importance.
categorical__authentication_type_?,-0.818529381510585,0.818529381510585,Exploratory coefficient from the biased random-split diagnostic; not a validated or causal importance.
numeric__hour_of_day,0.8149091765777348,0.8149091765777348,Exploratory coefficient from the biased random-split diagnostic; not a validated or causal importance.
categorical__orientation_LogOn,0.5849659565338686,0.5849659565338686,Exploratory coefficient from the biased random-split diagnostic; not a validated or causal importance.
categorical__orientation_LogOff,0.3388092262871814,0.3388092262871814,Exploratory coefficient from the biased random-split diagnostic; not a validated or causal importance.
categorical__logon_type_Unlock,-0.2533526621159584,0.2533526621159584,Exploratory coefficient from the biased random-split diagnostic; not a validated or causal importance.
categorical__authentication_type_MICROSOFT_AUTHENTICATION_PACKAGE_V1_0,-0.24539191606580038,0.24539191606580038,Exploratory coefficient from the biased random-split diagnostic; not a validated or causal importance.
categorical__authentication_type_Negotiate,-0.20021068675290218,0.20021068675290218,Exploratory coefficient from the biased random-split diagnostic; not a validated or causal importance.
categorical__orientation_AuthMap,-0.1993696781110859,0.1993696781110859,Exploratory coefficient from the biased random-split diagnostic; not a validated or causal importance.
categorical__logon_type_Service,0.12487505865619022,0.12487505865619022,Exploratory coefficient from the biased random-split diagnostic; not a validated or causal importance.
categorical__authentication_type_MICROSOFT_AUTHENTICATION_PACKAG,-0.09680944167322827,0.09680944167322827,Exploratory coefficient from the biased random-split diagnostic; not a validated or causal importance.
categorical__authentication_type_MICROSOFT_AUTHENTICATION_PACKA,-0.08680365480123203,0.08680365480123203,Exploratory coefficient from the biased random-split diagnostic; not a validated or causal importance.
categorical__orientation_TGT,0.06345552723663021,0.06345552723663021,Exploratory coefficient from the biased random-split diagnostic; not a validated or causal importance.
categorical__authentication_type_MICROSOFT_AUTHENTICATION_PACKAGE,-0.06185321788874348,0.06185321788874348,Exploratory coefficient from the biased random-split diagnostic; not a validated or causal importance.
categorical__logon_type_Interactive,-0.055403814925961775,0.055403814925961775,Exploratory coefficient from the biased random-split diagnostic; not a validated or causal importance.
categorical__logon_type_CachedInteractive,-0.02163678580750427,0.02163678580750427,Exploratory coefficient from the biased random-split diagnostic; not a validated or causal importance.
categorical__logon_type_Batch,0.0042568109309487736,0.0042568109309487736,Exploratory coefficient from the biased random-split diagnostic; not a validated or causal importance.
categorical__logon_type_NewCredentials,0.0033708698938811543,0.0033708698938811543,Exploratory coefficient from the biased random-split diagnostic; not a validated or causal importance.
categorical__logon_type_NetworkCleartext,0.0017905057198924555,0.0017905057198924555,Exploratory coefficient from the biased random-split diagnostic; not a validated or causal importance.
categorical__orientation_ScreenUnlock,0.00025940521194941666,0.00025940521194941666,Exploratory coefficient from the biased random-split diagnostic; not a validated or causal importance.
categorical__logon_type_RemoteInteractive,-1.4681533123560045e-05,1.4681533123560045e-05,Exploratory coefficient from the biased random-split diagnostic; not a validated or causal importance.
numeric__machine_account,0.0,0.0,Exploratory coefficient from the biased random-split diagnostic; not a validated or causal importance.
